City,Noise_Level,Viability_Score,Energy_kWh,Cost_Savings_INR,Sensors_Needed,Avg_Efficiency_%,Max_Temperature_C
chennai,0,93.1705735000368,207.60425195702155,1660.8340156561724,6,37.46413861394126,13.072565668382481
delhi,0,93.49299071759978,226.30068368393526,1810.405469471482,6,37.46384042440624,11.459547738270658
jaipur,0,93.1394980178431,218.44526979899607,1747.5621583919685,6,37.463988805685524,13.227474928551771
leh,0,95.9481401849327,253.62226327091605,2028.9781061673284,6,37.462637308045814,-0.8199593370203502
